<?xml version="1.0"?>
<!-- SCPlusV2_RS232 -->
<SBEDataUploadFile>
<ApplicationData>
<Seaterm232>
<SoftwareVersion>2.8.0.119</SoftwareVersion>
<BuildDate>07-Nov-2018</BuildDate>
</Seaterm232>
</ApplicationData>
<InstrumentState>
<HardwareData DeviceType='SBE19plus' SerialNumber='01907274'>

   <Manufacturer>Sea-Bird Electronics, Inc.</Manufacturer>

   <FirmwareVersion>2.5.2</FirmwareVersion>

   <FirmwareDate>12 Mar 2013 11:50</FirmwareDate>

   <CommandSetVersion>1.3</CommandSetVersion>

   <PCBAssembly PCBSerialNum='52840' AssemblyNum='41054H'/>

   <PCBAssembly PCBSerialNum='53215' AssemblyNum='41580B'/>

   <PCBAssembly PCBSerialNum='51550' AssemblyNum='41606'/>

   <PCBAssembly PCBSerialNum='50080' AssemblyNum='41059D'/>

   <MfgDate> 11 JAN 2013</MfgDate>

   <InternalSensors>

      <Sensor id='Main Temperature'>

         <type>temperature0</type>

         <SerialNumber>01907274</SerialNumber>

      </Sensor>

      <Sensor id='Main Conductivity'>

         <type>conductivity-0</type>

         <SerialNumber>01907274</SerialNumber>

      </Sensor>

      <Sensor id='Main Pressure'>

         <type>strain-0</type>

         <SerialNumber>3715068</SerialNumber>

      </Sensor>

   </InternalSensors>

   <ExternalSensors>

      <Sensor id='volt 0'>

         <type>SBE43</type>

         <SerialNumber>431382</SerialNumber>

      </Sensor>

      <Sensor id='volt 1'>

         <type>not assigned</type>

         <SerialNumber>not assigned</SerialNumber>

      </Sensor>

      <Sensor id='volt 2'>

         <type>Wetlabs FLRT</type>

         <SerialNumber>2380</SerialNumber>

      </Sensor>

      <Sensor id='volt 3'>

         <type>not assigned</type>

         <SerialNumber>not assigned</SerialNumber>

      </Sensor>

      <Sensor id='volt 4'>

         <type>yes</type>

         <SerialNumber>not assigned</SerialNumber>

      </Sensor>

      <Sensor id='volt 5'>

         <type>On</type>

         <SerialNumber>not assigned</SerialNumber>

      </Sensor>

      <Sensor id='serial'>

         <type>not assigned</type>

         <SerialNumber>not assigned</SerialNumber>

      </Sensor>

   </ExternalSensors>

</HardwareData>
<StatusData DeviceType='SBE19plus' SerialNumber='01907274'>

   <DateTime>2020-03-16T10:51:40</DateTime>

   <LoggingState>not logging</LoggingState>

   <EventSummary numEvents='0'/>

   <Power>

      <vMain>12.3</vMain>

      <vLith>7.7</vLith>

      <iMain>61.1</iMain>

      <iPump>76.1</iPump>

      <iExt01> 5.8</iExt01>

      <iExt2345>25.6</iExt2345>

   </Power>

   <MemorySummary>

      <Bytes>742830</Bytes>

      <Samples>49522</Samples>

      <SamplesFree>4337020</SamplesFree>

      <SampleLength>15</SampleLength>

      <Profiles>6</Profiles>

   </MemorySummary>

</StatusData>
<ConfigurationData DeviceType='SBE19plus' SerialNumber='01907274'>

   <ProfileMode>

      <ScansToAverage>1</ScansToAverage>

      <MinimumCondFreq>0</MinimumCondFreq>

      <PumpDelay>45</PumpDelay>

      <AutoRun>no</AutoRun>

      <IgnoreSwitch>no</IgnoreSwitch>

   </ProfileMode>

   <Battery>

      <Type>alkaline</Type>

      <CutOff>7.5</CutOff>

   </Battery>

   <DataChannels>

      <ExtVolt0>yes</ExtVolt0>

      <ExtVolt1>no</ExtVolt1>

      <ExtVolt2>yes</ExtVolt2>

      <ExtVolt3>no</ExtVolt3>

      <ExtVolt4>no</ExtVolt4>

      <ExtVolt5>no</ExtVolt5>

      <SBE38>no</SBE38>

      <WETLABS>no</WETLABS>

      <OPTODE>no</OPTODE>

      <SBE63>no</SBE63>

      <GTD>no</GTD>

   </DataChannels>

   <EchoCharacters>yes</EchoCharacters>

   <OutputExecutedTag>yes</OutputExecutedTag>

   <OutputFormat>raw HEX</OutputFormat>

</ConfigurationData>
<CalibrationCoefficients DeviceType='SBE19plus' SerialNumber='01907274'>

   <Calibration format='TEMP1' id='Main Temperature'>

      <SerialNum>01907274</SerialNum>

      <CalDate>10-Oct-18</CalDate>

      <TA0>1.273391e-03</TA0>

      <TA1>2.684157e-04</TA1>

      <TA2>-5.386699e-07</TA2>

      <TA3>1.584049e-07</TA3>

      <TOFFSET>0.000000e+00</TOFFSET>

   </Calibration>

   <Calibration format='WBCOND0' id='Main Conductivity'>

      <SerialNum>01907274</SerialNum>

      <CalDate>10-Oct-18</CalDate>

      <G>-9.852002e-01</G>

      <H>1.532141e-01</H>

      <I>-3.862235e-04</I>

      <J>5.194382e-05</J>

      <CPCOR>-9.570000e-08</CPCOR>

      <CTCOR>3.250000e-06</CTCOR>

      <CSLOPE>1.000000e+00</CSLOPE>

   </Calibration>

   <Calibration format='STRAIN0' id='Main Pressure'>

      <SerialNum>3715068</SerialNum>

      <CalDate>08-Oct-18</CalDate>

      <PA0>3.535290e-01</PA0>

      <PA1>2.644560e-03</PA1>

      <PA2>6.666673e-12</PA2>

      <PTCA0>5.248842e+05</PTCA0>

      <PTCA1>1.158922e+01</PTCA1>

      <PTCA2>-2.546788e-01</PTCA2>

      <PTCB0>2.510925e+01</PTCB0>

      <PTCB1>-3.500000e-04</PTCB1>

      <PTCB2>0.000000e+00</PTCB2>

      <PTEMPA0>-6.116969e+01</PTEMPA0>

      <PTEMPA1>5.414570e+01</PTEMPA1>

      <PTEMPA2>-5.517447e-01</PTEMPA2>

      <POFFSET>0.000000e+00</POFFSET>

      <PRANGE>8.700000e+02</PRANGE>

   </Calibration>

   <Calibration format='VOLT0' id='Volt 0'>

      <OFFSET>-4.771053e-02</OFFSET>

      <SLOPE>1.249067e+00</SLOPE>

   </Calibration>

   <Calibration format='VOLT0' id='Volt 1'>

      <OFFSET>-4.779895e-02</OFFSET>

      <SLOPE>1.249042e+00</SLOPE>

   </Calibration>

   <Calibration format='VOLT0' id='Volt 2'>

      <OFFSET>-4.747053e-02</OFFSET>

      <SLOPE>1.249073e+00</SLOPE>

   </Calibration>

   <Calibration format='VOLT0' id='Volt 3'>

      <OFFSET>-4.770947e-02</OFFSET>

      <SLOPE>1.249047e+00</SLOPE>

   </Calibration>

   <Calibration format='VOLT0' id='Volt 4'>

      <OFFSET>-4.724632e-02</OFFSET>

      <SLOPE>1.249328e+00</SLOPE>

   </Calibration>

   <Calibration format='VOLT0' id='Volt 5'>

      <OFFSET>-4.756737e-02</OFFSET>

      <SLOPE>1.249212e+00</SLOPE>

   </Calibration>

   <Calibration format='FREQ0' id='external frequency channel'>

      <EXTFREQSF>9.999908e-01</EXTFREQSF>

   </Calibration>

</CalibrationCoefficients>
<EventCounters DeviceType='SBE19plus' SerialNumber='01907274'>

   <EventSummary numEvents='0'/>

</EventCounters></InstrumentState>
<Headers>

cast   1 06 Mar 2020 13:26:06 samples 1 to 155, avg = 1, stop = mag switch

</Headers><InstrumentRawData>
<SBEDataUpload startAddr='0'>

   <Type>1</Type>

   <DataFormat>SEACATPLUS0</DataFormat>

   <Bytes>2325</Bytes>

   <Data>
66F90373EE09E61708444F713DFA0168
F90373EE09E51708444F723DE90166F9
0371EE09E61708444F8A3DF40165F903
73EE09E51708444F6F3DF50166F90371
EE09E61708444F6E3DF10166F90373EE
09E51708444F763DE60166F90373EE09
E51708444F7F3DEB0168F90371EE09E7
1708444F813DFA0166F90373EE09E517
08434F803DFE0167F90371EE09E51708
434F773DF90168F90370EE09E7170843
4F843DFD0165F90373EE09E51708444F
7D3DFB0167F90373EE09E61708444F6B
3DF70168F90371EE09E61708454F793D
F90168F90371EE09E91708454F773D06
026AF90373EE09E61708454F7F3DFC01
68F90371EE09E71708444F813DF10167
F90373EE09E71708454F813DEE0169F9
0371EE09E51708454F793DE40169F903
71EE09E51708454F6B3DEA0169F90371
EE09E61708454F813DDF0169F90371EE
09E71708454F773D05026BF9036FEE09
E61708464F743DEC016BF90371EE09E7
1708464F743DEA016BF9036FEE09E517
08464F7F3DF7016AF90372EE09E71708
474F6B3DF9016AF90371EE09E5170846
4F7D3DF6016BF9036FEE09E61708464F
7F3DF6016BF90373EE09E71708464F79
3DF4016DF90371EE09E61708454F733D
E8016CF9036FEE09E81708454F823DED
016BF90373EE09E51708464F783DF701
6DF9036FEE09E51708454F6D3DF1016D
F9036FEE09E41708454F703D06026BF9
0373EE09E61708464F6C3DF9016DF903
71EE09E71708454F793DF9016EF90371
EE09E51708454F6C3DEB016DF90371EE
09E71708464F6A3DE6016DF90371EE09
E71708454F723DF7016DF90370EE09E7
1708454F773DFD016EF90373EE09E617
08454F793DEC016FF90371EE09E61708
454F703D04026FF90371EE09E8170846
4F823D01026DF90371EE09E41708474F
7C3DF5016CF9036FEE09E81708484F72
3DFB0170F90373EE09E61708484F753D
FC0170F9036FEE09E61708484F783DF2
016EF90371EE09E51708484F713DE601
6FF90373EE09E61708494F773DF30171
F90371EE09E71708494F7F3DFB0172F9
0371EE09E51708494F723DDA0171F903
71EE09E517084A4F7C3DDF0171F9036F
EE09E817084C4F6A3DFC0171F90371EE
09E617084B4F7B3DF90170F90370EE09
E617084C4F723DFC0170F90371EE09E6
17084D4F803D040271F90371EE09E617
084D4F7D3D0B0271F90373EE09E51708
4D4F6B3DFA0171F90371EE09E517084C
4F6E3DF70171F90371EE09E817084B4F
7C3DF70170F90371EE09E717084C4F6A
3DF80170F9036FEE09E617084D4F7A3D
FC0172F9036FEE09E617084D4F733DEF
0172F9036FEE09E717084D4F703DFB01
74F90371EE09E817084C4F723DE30173
F90371EE09E817084C4F743DE80172F9
036FEE09E617084D4F6A3D060272F903
71EE09E617084E4F773DF90174F90370
EE09E517084C4F743DF20174F90371EE
09E817084D4F733DE10175F90371EE09
E717084B4F6E3DEA0173F90373EE09E5
17084B4F793DFC0176F90371EE09E617
084C4F6D3DF50176F90373EE09E71708
4D4F6C3DF50174F90373EE09E717084D
4F703D060275F90371EE09E817084D4F
703D080276F90371EE09E717084C4F7F
3DF70175F9036FEE09E717084A4F6B3D
F80177F90373EE09E617084B4F743DE0
0176F90371EE09E517084B4F753DF801
76F90371EE09E417084B4F743DF50177
F90371EE09E517084C4F733DDE0177F9
036FEE09E717084C4F713DD50177F903
70EE09E717084C4F733DE10176F9036F
EE09E817084D4F643DDA0176F90371EE
09E717084E4F673DEA0175F90371EE09
E517084D4F6D3DF80178F90371EE09E7
17084E4F773DF90178F90373EE09E517
084E4F7F3DE90178F90371EE09E81708
4F4F753DED0177F90371EE09E417084F
4F723DE40178F90371EE09E617084E4F
723DDE0177F90371EE09E617084F4F69
3DE60177F90371EE09E51708504F6C3D
EC0178F9036FEE09E617084F4F6A3DE8
0178F90371EE09E71708504F703DFF01
77F9036FEE09E617084F4F713DFC0178
F90370EE09E617084E4F6E3DFC0179F9
036FEE09E517084D4F683DD70179F903
71EE09E617084D4F713DD3017AF9036F
EE09E717084B4F703DF50179F90371EE
09E617084A4F6C3DF4017AF90371EE09
E717084A4F6D3DD7017AF90371EE09E8
1708484F6C3DD4017AF90371EE09E717
08494F723D03027DF90371EE09E71708
474F6B3DEF017AF9036FEE09E6170848
4F683DEC017BF90371EE09E81708494F
6C3D00027DF9036FEE09E51708494F67
3DF8017CF90371EE09E71708494F633D
E4017BF90371EE09E517084A4F733DE4
017AF9036FEE09E817084B4F673DFA01
7DF90370EE09E717084B4F703DEE017D
F90373EE09E717084D4F733DE5017CF9
0371EE09E817084D4F723DE6017DF903
71EE09E517084D4F6C3DE7017DF90373
EE09E617084F4F733DFC017EF90371EE
09E817084F4F6E3DF5017EF90371EE09
E717084F4F703DE6017DF90371EE09E5
1708514F693DF0017FF90371EE09E617
084F4F653DE6017EF90373EE09E61708
4F4F6B3DEF017FF90371EE09E717084F
4F703DE3017DF90371EE09E917084E4F
763DE60180F90371EE09E717084E4F67
3DE80180F9036FEE09E517084D4F6C3D
E80180F90373EE09E517084D4F6B3DEA
0181F90370EE09E517084C4F6A3DE901
7FF90373EE09E517084C4F683DEE017F
F90371EE09E417084B4F703DE9017FF9
0373EE09E717084D4F663DD8017FF903
71EE09E517084D4F6B3DFF0180F90373
EE09E717084D4F6F3DF20182F90371EE
09E717084F4F703DFD0180F90371EE09
E817084E4F633DF50181F90373EE09E6
17084E4F683DFB0182F90371EE09E617
084E4F6A3DF60181F90371EE09E71708
504F6C3DF10180F90371EE09E717084F
4F673DE60182F90371EE09E717084E4F
653DE80183F90371EE09E617084F4F6A
3DED0183F90372EE09E817084E4F6C3D
E90183F90371EE09E717084C4F7B3DEC
0180F90371EE09E717084B4F673DE501
83F90371EE09E617084C4F653DE40182
F90371EE09E617084D4F6E3DE60183F9
0371EE09E817084B4F6F3DE20184F903
73EE09E517084A4F683DE80184F90371
EE09E41708494F6A3DE00183F90373EE
09E71708494F6B3DF30184F90371EE09
E61708484F703DD70185F90371EE09E5
1708484F6F3DE00184F90373EE09E617
08494F6A3DF10184F9036FEE09E61708
484F743DE80183F90371EE09E7170848
4F6C3D0002</Data>

   <DataCRC>aa8c7c25</DataCRC>

   <BytesSent>2325</BytesSent>

</SBEDataUpload>
</InstrumentRawData>
</SBEDataUploadFile>
