<?xml version="1.0"?>
<!-- SCPlusV2_RS232 -->
<SBEDataUploadFile>
<ApplicationData>
<Seaterm232>
<SoftwareVersion>2.8.0.119</SoftwareVersion>
<BuildDate>07-Nov-2018</BuildDate>
</Seaterm232>
</ApplicationData>
<InstrumentState>
<HardwareData DeviceType='SBE19plus' SerialNumber='01907274'>

   <Manufacturer>Sea-Bird Electronics, Inc.</Manufacturer>

   <FirmwareVersion>2.5.2</FirmwareVersion>

   <FirmwareDate>12 Mar 2013 11:50</FirmwareDate>

   <CommandSetVersion>1.3</CommandSetVersion>

   <PCBAssembly PCBSerialNum='52840' AssemblyNum='41054H'/>

   <PCBAssembly PCBSerialNum='53215' AssemblyNum='41580B'/>

   <PCBAssembly PCBSerialNum='51550' AssemblyNum='41606'/>

   <PCBAssembly PCBSerialNum='50080' AssemblyNum='41059D'/>

   <MfgDate> 11 JAN 2013</MfgDate>

   <InternalSensors>

      <Sensor id='Main Temperature'>

         <type>temperature0</type>

         <SerialNumber>01907274</SerialNumber>

      </Sensor>

      <Sensor id='Main Conductivity'>

         <type>conductivity-0</type>

         <SerialNumber>01907274</SerialNumber>

      </Sensor>

      <Sensor id='Main Pressure'>

         <type>strain-0</type>

         <SerialNumber>3715068</SerialNumber>

      </Sensor>

   </InternalSensors>

   <ExternalSensors>

      <Sensor id='volt 0'>

         <type>SBE43</type>

         <SerialNumber>431382</SerialNumber>

      </Sensor>

      <Sensor id='volt 1'>

         <type>not assigned</type>

         <SerialNumber>not assigned</SerialNumber>

      </Sensor>

      <Sensor id='volt 2'>

         <type>Wetlabs FLRT</type>

         <SerialNumber>2380</SerialNumber>

      </Sensor>

      <Sensor id='volt 3'>

         <type>not assigned</type>

         <SerialNumber>not assigned</SerialNumber>

      </Sensor>

      <Sensor id='volt 4'>

         <type>yes</type>

         <SerialNumber>not assigned</SerialNumber>

      </Sensor>

      <Sensor id='volt 5'>

         <type>On</type>

         <SerialNumber>not assigned</SerialNumber>

      </Sensor>

      <Sensor id='serial'>

         <type>not assigned</type>

         <SerialNumber>not assigned</SerialNumber>

      </Sensor>

   </ExternalSensors>

</HardwareData>
<StatusData DeviceType='SBE19plus' SerialNumber='01907274'>

   <DateTime>2020-03-21T13:55:32</DateTime>

   <LoggingState>not logging</LoggingState>

   <EventSummary numEvents='0'/>

   <Power>

      <vMain>11.8</vMain>

      <vLith>7.7</vLith>

      <iMain>61.2</iMain>

      <iPump>89.0</iPump>

      <iExt01> 5.7</iExt01>

      <iExt2345>27.3</iExt2345>

   </Power>

   <MemorySummary>

      <Bytes>2105910</Bytes>

      <Samples>140394</Samples>

      <SamplesFree>4246148</SamplesFree>

      <SampleLength>15</SampleLength>

      <Profiles>20</Profiles>

   </MemorySummary>

</StatusData>
<ConfigurationData DeviceType='SBE19plus' SerialNumber='01907274'>

   <ProfileMode>

      <ScansToAverage>1</ScansToAverage>

      <MinimumCondFreq>0</MinimumCondFreq>

      <PumpDelay>45</PumpDelay>

      <AutoRun>no</AutoRun>

      <IgnoreSwitch>no</IgnoreSwitch>

   </ProfileMode>

   <Battery>

      <Type>alkaline</Type>

      <CutOff>7.5</CutOff>

   </Battery>

   <DataChannels>

      <ExtVolt0>yes</ExtVolt0>

      <ExtVolt1>no</ExtVolt1>

      <ExtVolt2>yes</ExtVolt2>

      <ExtVolt3>no</ExtVolt3>

      <ExtVolt4>no</ExtVolt4>

      <ExtVolt5>no</ExtVolt5>

      <SBE38>no</SBE38>

      <WETLABS>no</WETLABS>

      <OPTODE>no</OPTODE>

      <SBE63>no</SBE63>

      <GTD>no</GTD>

   </DataChannels>

   <EchoCharacters>yes</EchoCharacters>

   <OutputExecutedTag>yes</OutputExecutedTag>

   <OutputFormat>raw HEX</OutputFormat>

</ConfigurationData>
<CalibrationCoefficients DeviceType='SBE19plus' SerialNumber='01907274'>

   <Calibration format='TEMP1' id='Main Temperature'>

      <SerialNum>01907274</SerialNum>

      <CalDate>10-Oct-18</CalDate>

      <TA0>1.273391e-03</TA0>

      <TA1>2.684157e-04</TA1>

      <TA2>-5.386699e-07</TA2>

      <TA3>1.584049e-07</TA3>

      <TOFFSET>0.000000e+00</TOFFSET>

   </Calibration>

   <Calibration format='WBCOND0' id='Main Conductivity'>

      <SerialNum>01907274</SerialNum>

      <CalDate>10-Oct-18</CalDate>

      <G>-9.852002e-01</G>

      <H>1.532141e-01</H>

      <I>-3.862235e-04</I>

      <J>5.194382e-05</J>

      <CPCOR>-9.570000e-08</CPCOR>

      <CTCOR>3.250000e-06</CTCOR>

      <CSLOPE>1.000000e+00</CSLOPE>

   </Calibration>

   <Calibration format='STRAIN0' id='Main Pressure'>

      <SerialNum>3715068</SerialNum>

      <CalDate>08-Oct-18</CalDate>

      <PA0>3.535290e-01</PA0>

      <PA1>2.644560e-03</PA1>

      <PA2>6.666673e-12</PA2>

      <PTCA0>5.248842e+05</PTCA0>

      <PTCA1>1.158922e+01</PTCA1>

      <PTCA2>-2.546788e-01</PTCA2>

      <PTCB0>2.510925e+01</PTCB0>

      <PTCB1>-3.500000e-04</PTCB1>

      <PTCB2>0.000000e+00</PTCB2>

      <PTEMPA0>-6.116969e+01</PTEMPA0>

      <PTEMPA1>5.414570e+01</PTEMPA1>

      <PTEMPA2>-5.517447e-01</PTEMPA2>

      <POFFSET>0.000000e+00</POFFSET>

      <PRANGE>8.700000e+02</PRANGE>

   </Calibration>

   <Calibration format='VOLT0' id='Volt 0'>

      <OFFSET>-4.771053e-02</OFFSET>

      <SLOPE>1.249067e+00</SLOPE>

   </Calibration>

   <Calibration format='VOLT0' id='Volt 1'>

      <OFFSET>-4.779895e-02</OFFSET>

      <SLOPE>1.249042e+00</SLOPE>

   </Calibration>

   <Calibration format='VOLT0' id='Volt 2'>

      <OFFSET>-4.747053e-02</OFFSET>

      <SLOPE>1.249073e+00</SLOPE>

   </Calibration>

   <Calibration format='VOLT0' id='Volt 3'>

      <OFFSET>-4.770947e-02</OFFSET>

      <SLOPE>1.249047e+00</SLOPE>

   </Calibration>

   <Calibration format='VOLT0' id='Volt 4'>

      <OFFSET>-4.724632e-02</OFFSET>

      <SLOPE>1.249328e+00</SLOPE>

   </Calibration>

   <Calibration format='VOLT0' id='Volt 5'>

      <OFFSET>-4.756737e-02</OFFSET>

      <SLOPE>1.249212e+00</SLOPE>

   </Calibration>

   <Calibration format='FREQ0' id='external frequency channel'>

      <EXTFREQSF>9.999908e-01</EXTFREQSF>

   </Calibration>

</CalibrationCoefficients>
<EventCounters DeviceType='SBE19plus' SerialNumber='01907274'>

   <EventSummary numEvents='0'/>

</EventCounters></InstrumentState>
<Headers>

cast  15 19 Mar 2020 20:46:04 samples 108340 to 108530, avg = 1, stop = mag switch

</Headers><InstrumentRawData>
<SBEDataUpload startAddr='1625085'>

   <Type>1</Type>

   <DataFormat>SEACATPLUS0</DataFormat>

   <Bytes>2865</Bytes>

   <Data>
93370799ED092B1808E141AA87FE0196
3707A7ED092C1808E141AB87EC012638
07A4ED092B1808E1419F87CC01893A07
BEED092C1808E241A887FE01873D07DC
ED092C1808E241AC87F70174400710EE
092C1808E241AA87E80116430753EE09
291808E2419D87E3017C450790EE092B
1808E2419B87F1018E47078FEE092B18
08E141AD87CE0197480788EE092A1808
E141B587CA017C480790EE092B1808E1
41A187D4011A4807A4EE092B1808E141
B287DB01CE4707B3EE092B1808E141B3
87D701984707B9EE092C1808E141B987
D501664707A2EE092A1808E141B687E6
012B47079DEE092A1808E141B787DC01
FE460784EE092B1808E241BF87EF01E2
460780EE092B1808E141C187D301C946
0774EE092B1808E141BB87D901B74607
55EE092A1808E141BB87D101BD46074A
EE092A1808E141BC87D001DA460742EE
092A1808E241C387E301FA46074EEE09
2C1808E241C387E9010647073BEE092B
1808E241C487E20111470724EE092E18
08E241C687EA01EA460727EE092B1808
E241CA87E301CC46071DEE092D1808E3
41CC87EA014E470717EE092D1808E341
C087DD011B48070DEE092E1808E241BD
87DB0173490710EE092E1808E341D087
C801C34A0709EE092E1808E341C787C2
01F84A07FEED092E1808E341BA87D701
994A07F6ED092D1808E341C687CC011F
4A07ECED092D1808E341C787E301AC49
07E6ED092D1808E341C687D501654907
DCED092E1808E441CD87D401394907D7
ED092D1808E341D087E0010D4907D7ED
092E1808E241C787DD01D94807E1ED09
2D1808E141D087BD019F4807F4ED092A
1808E241D287C801684807FAED092C18
08E241CE87E601274807FAED092A1808
E241CC87DF01DA470716EE092C1808E2
41D087E4018E47070DEE092D1808E141
DD87C80146470706EE092E1808E241C7
87C501FE460702EE092E1808E141D087
DF0121470704EE092F1808E141C987D7
01894707FBED092E1808E141D687E401
664707FDED092E1808E241D087DC011A
4707FDED092E1808E241D187CE01CF46
07F1ED092D1808E241CE87D501894607
E8ED092F1808E241C987D101024707FA
ED092D1808E341DB87E401C14807FAED
092D1808E341CB87CB019C4A07FAED09
2E1808E341D087CD014C4C07F6ED092E
1808E441CC87D001D84D07F1ED092D18
08E441D687D7013B4F07EFED092C1808
E441CB87D9019F5007EDED092D1808E4
41B187DA01305207EEED092D1808E441
C387D101BD5307EFED092E1808E441D4
87C201415507ECED092E1808E541BF87
CF01CA5607E3ED092D1808E541C687DB
0180580702EE092D1808E441BB87DF01
635A0704EE092D1808E441C087DC018F
5C0701EE092E1808E541B887D301BD5E
07FAED09301808E541AE87D001BB6007
FBED092F1808E541B487F101A46207FF
ED092C1808E441BF87F101446407FDED
092F1808E441B987E2019C6507FFED09
301808E341AE87E101CF6607FDED092F
1808E341AE87E301ED6707F4ED093118
08E241C187E501E76807F3ED09311808
E241B587D901016A07F4ED092F1808E2
41AC87D701D26A07F4ED092D1808E241
B187CE015C6B07F1ED092E1808E341B0
87C101106C07F1ED09301808E141B487
C701E96C07EDED092E1808E141BB87C9
01796D07ECED09311808E141C087D301
2C6E07EDED09311808E141AD87D201EF
6E07EAED09301808E041B787D901A16F
07EAED09311808E041B587D5012C7007
DFED09301808DF41BE87D501F87007DC
ED09301808DF41C187D601087207D8ED
09301808DF41BF87D101317307D3ED09
2E1808E041C087D0014A7407D3ED092F
1808DF41BE87D701597507D2ED093018
08E041B987E601637607D0ED092F1808
E141B987E001517707D0ED092E1808E1
41B187D601217807D0ED092E1808DF41
BC87C801D07807D0ED09301808DF41C2
87EC01627907D0ED09301808E041C887
E201F07907CCED092F1808E041BA87E0
01937A07D0ED092D1808DF41B787CD01
037B07D1ED092F1808E141BE87D6010E
7B07D1ED09321808E041A387D101327B
07CEED092E1808E041A787C601297B07
CAED092F1808E1418A87C301227B07C5
ED092E1808E1419087CD01637B07C3ED
092F1808E1418C87D901FD7B07BEED09
2E1808E241EF87C201C37C07BEED092B
1808E241C887C201797D07C2ED092E18
08E141BE87D101427E07BEED092F1808
E041B987D3010D7F07BEED092C1808E1
41C887CF01D17F07BEED092E1808E141
C087E801778007BEED092D1808E141BE
87DC01388107C0ED092D1808E141C587
E2010B8207BEED092D1808E041B587E6
01C68207C0ED092F1808E041B187D101
758307C0ED09301808DE41BD87C70101
8407C5ED092C1808DD41AA87C4016A84
07BEED092F1808DE41B887D301CF8407
C2ED092F1808DD41BF87D1010D8507C6
ED092F1808DD41CC87BF01128507C7ED
092E1808DD41BF87BD01338507C9ED09
2E1808DD41C987E801EA8407C9ED092D
1808DD41BA87D901238407C5ED092E18
08DD41BE87CF01028407C3ED092F1808
DE41C487CD01308407C5ED092F1808DE
41C187D701558407C5ED092F1808DF41
CA87CE01648407C5ED09301808DE41D0
87C801488407C2ED09301808DF41CA87
D4012F8407C2ED09301808DF41CC87D8
01F18307C2ED09301808DF41CB87D301
7A8307C0ED092E1808E141D587CD01A6
8207C2ED092E1808E141CF87BF01D181
07BEED09301808E041BD87C601BF8107
BBED092F1808E241C887D101648207B9
ED09301808E141C987D501358307B5ED
092F1808E041CB87CF01DB8307C0ED09
301808DF41C787D5015D8407C7ED092F
1808DF41C387E201DE8407C9ED093018
08E041CA87E701658507C9ED092F1808
DF41BE87DA01F58507C9ED092F1808DD
41CA87EC017F8607C9ED09301808DD41
C187EC01EC8607C9ED09301808DF41C4
87BB012C8707C5ED092F1808DF41C287
BB018E8707C5ED09301808DF41D787E3
01FB8707C3ED09331808E041D385D901
698807C2ED09311808DF41CD86CC01D3
8807C5ED09301808E0416387B5015289
07C2ED09301808E1417587B701D28907
C0ED09301808E0416587A1014F8A07BC
ED09321808E241B987A101D08A07BCED
09301808E3415D88AE012F8B07BEED09
2F1808E2410788CA01748B07BCED092F
1808E341EF87B501A98B07BEED092F18
08E241E887F301D28B07B7ED092F1808
E241E187EE01098C07BEED092F1808E4
41D387D801358C07BEED092F1808E241
D987D701508C07BEED09311808E141CD
87D8016D8C07BCED092F1808E141DB87
BC01988C07BCED09301808E041CA87B3
01B88C07B9ED09311808DF41CC87D701
C58C07B7ED09311808E041DC87D601D2
8C07B7ED092E1808E141D787D301CA8C
07B5ED092F1808DF41D587CC01C08C07
ADED092F1808E041D387C0019C8C07B2
ED092F1808DF41CE87C101738C07AEED
092F1808DF41D387C301678C07ADED09
311808E041D787D801718C07ADED0931
1808E041C987D101758C07ABED093118
08DF41CB87E101838C07ABED09301808
DF41CE87D901A38C07A9ED09311808DE
41E187C301DC8C07A7ED09301808DE41
C587EB01248D07A6ED09311808DE41CB
87DE017F8D07AEED09301808DF41C487
F701E58D07A4ED09311808DF41CE87F9
01418E07A7ED09321808DF41BF87D101
988E07A9ED09321808DC41D387DA01EA
8E07A7ED09301808DC41D087D501188F
07A7ED092F1808DC41D087D5013F8F07
A9ED09311808DA41C887D2016B8F07A7
ED09301808D841D587D7019D8F07A7ED
09301808D841C887DD01E38F07A9ED09
301808D941CA87C401269007ABED0931
1808D741C987E701629007A7ED093018
08D741CA87E2019B9007A7ED09301808
D841D787E301D89007A4ED092F1808D8
41CC87DD01219107A4ED09311808DA41
CD87E901769107A4ED092E1808DB41BB
87D701B09107A4ED092F1808DB41CE87
E301E49107A2ED092F1808DB41CA87BF
01</Data>

   <DataCRC>37992a48</DataCRC>

   <BytesSent>2865</BytesSent>

</SBEDataUpload>
</InstrumentRawData>
</SBEDataUploadFile>
